,sample_id,family,rate_scale_heavy,rate_scale_light,newick
49754,d1,100022-igk-100022,1.4859,0.4371,"(naive:0.0026716620,TATTACCGTAAGCACG-1-1279053_contig_h:0.0164266473,TCCCGATCATGAAGTA-1-1287203_contig_h:0.0240107961)Node1;"
55869,d4,100025-igk-100025,1.1564,0.838,"(naive:0.0411551789,AACTCCCAGTAGTGCG-1-1287174_contig_h:0.0219898797,GGCCGATCAAGAAGAG-1-1279079_contig_h:0.0665045107)Node1;"
14999,d4,10002-igk-10002,1.1595,0.8307,"(naive:0.1391505237,ACCAGTAGTATAGGGC-1-1287173_contig_h:0.0000010000,AGGTCATTCTCAAGTG-1-1279071_contig_h:0.0000010000)Node1;"
23361,d4,100043-igk-100043,1.0399,0.9561,"(naive:0.0192269308,CAAGATCAGGATATAC-1-1287166_contig_h:0.0265335543,(CACAGTAAGAATCTCC-1-1287173_contig_h:0.0462882865,CATATGGGTCTCCACT-1-1287175_contig_h:0.0207484588)Node2:0.0166240098)Node1;"
46471,d1,100044-igk-100044,1.2755,0.6838,"(naive:0.0748163090,TATCAGGGTACCGCTG-1-1287207_contig_h:0.0202811672,TTGCCGTCAGCGTTCG-1-1287207_contig_h:0.0112865740)Node1;"
