,sample_id,family,rate_scale_heavy,rate_scale_light,newick
0,d1,33424-igk-33424,1.041,0.9533,"(naive:0.0299518105,(ACACTGATCTGAAAGA-1-1279059_contig_h:0.0043589267,ACGCAGCAGGCTACGA-1-1287207_contig_h:0.0088377344)Node2:0.0090040093,GTGCGGTTCCATGAGT-1-1287207_contig_h:0.0042330793)Node1;"
9,d1,13545-igk-13545,1.5104,0.4284,"(naive:0.0336396347,(CTCTAATGTGACGGTA-1-1287193_contig_h:0.0014534551,GCACTCTAGAGCTGCA-1-1279050_contig_h:0.0000010000)Node2:0.0014536384,GGCCGATGTTCGTGAT-1-1287200_contig_h:0.0000010000)Node1;"
15,d3,179396-igk-179396,1.6315,0.2849,"(naive:0.0111002731,(ACTTACTGTGATGTGG-1-1287157_contig_h:0.0184767759,GTTCTCGAGAACAACT-1-1287151_contig_h:0.0247904366)Node2:0.0060431645,CCTCAGTTCGGTGTTA-1-1279074_contig_h:0.0124778974)Node1;"
18,d4,152208-igk-152208,1.4381,0.5424,"(naive:0.0855643146,(ATAAGAGAGAAGGTTT-1-1287168_contig_h:0.0013177944,CGCGGTATCACCCGAG-1-1287164_contig_h:0.0106333602)Node2:0.0036977323,CACCAGGCAAGCGTAG-1-1279078_contig_h:0.0069765473)Node1;"
26,d1,159055-igl-5792,1.1047,0.8838,"(naive:0.0694293077,AAAGCAAAGGGTCGAT-1-1287206_contig_h:0.0468203936,(CTTGGCTAGGAACTGC-1-1287199_contig_h:0.0615690334,TAAGTGCCACGAAATA-1-1287198_contig_h:0.0659204148)Node2:0.0147549757)Node1;"
32,d1,146931-igk-146931,1.2799,0.7077,"(naive:0.0507982969,AGCATACCAATCTACG-1-1287204_contig_h:0.0013642217,(CTTACCGCACCTCGTT-1-1287197_contig_h:0.0029312750,TAAGTGCTCCGATATG-1-1287204_contig_h:0.0043939792)Node2:0.0060185155)Node1;"
41,d1,155785-igl-2522,1.0697,0.9248,"(naive:0.0004340756,(CTCGTCATCTGTCTAT-1-1287206_contig_h:0.0000025035,TGCGGGTCAGTGAGTG-1-1287198_contig_h:0.0058032692)Node2:0.0318570584,GCGCCAATCTGTCTAT-1-1287207_contig_h:0.0371698738)Node1;"
48,d4,172841-igk-172841,1.219,0.7617,"(naive:0.0276836526,(AACCGCGCAAGTTGTC-1-1279071_contig_h:0.0000010000,AGATCTGTCACATAGC-1-1279071_contig_h:0.0000010000)Node2:0.0000010000,CAGCCGAGTGTGCCTG-1-1279070_contig_h:0.0000010000)Node1;"
34570,d1,152208-igk-152208,1.3133,0.6666,"(naive:0.0041944170,ACCGTAAAGGTCGGAT-1-1287206_contig_h:0.0229918503,TATCAGGAGTCGCCGT-1-1279059_contig_h:0.0775572514)Node1;"
